ラフデザイン株式会社,店舗スタッフ／営業／Web制作「デザイナー・エンジニア」他 勤務職種は本人の希望を考慮の上,兵庫県 西宮市 西宮北口駅 徒歩7分,月給18万円～30万円,公開していません,ラフデザイン株式会社
株式会社ジーエークロッシング,Webサービス系エンジニア ～自社内開発メイン／コンテンツ管理SaaSサービスを展開～,兵庫県 神戸市 中央区,年収612万円～900万円,18日前,doda
N’s Creates株式会社,Webエンジニア,兵庫県 神戸市 中央区,年収400万円～600万円,公開していません,doda
株式会社アイメック,Web系システムエンジニア SE,兵庫県 神戸市 三ノ宮駅 徒歩7分,年収～600万円,2日前,Green
カワサキロボットサービス株式会社,Webエンジニア,兵庫県 明石市 西明石駅 徒歩15分,年収500万円～700万円,公開していません,doda
ペタビット株式会社,フロントエンドエンジニア、WEBコーダー,兵庫県 神戸市 三宮駅 徒歩10分,年収366万円～460万円,6日前,Green
株式会社AMDlab,Webエンジニア:最新自動設計サービスの開発 全国・フルリモート,兵庫県 神戸市 元町駅 徒歩5分,年収500万円～699万円,11時間前,Green
株式会社くすりの窓口,WEBエンジニア,兵庫県 神戸市 鷹取駅 徒歩9分,年収400万円～700万円,12日前,U29JOB
株式会社プラスワン,オープン系・Web系システムエンジニア,兵庫県 姫路市 姫路駅 徒歩15分,月給22万円～35万円,25日前,ハローワーク姫路
株式会社神戸物産,ITエンジニア／WEB開発 現場の声を基にじっくり開発,兵庫県 加古川市,月給23万円～30万円,11日前,リクナビNEXT
株式会社カネカ,工場システムエンジニア WEB面接可,兵庫県 豊岡市,年収450万円～800万円,12日前,リクルートエージェント
株式会社ダイセル,プラントエンジニア Web面接可,兵庫県 姫路市,年収400万円～850万円,18日前,リクルートエージェント
リベラ株式会社,神戸 webシステムエンジニア 技術力を高めたい方へ／常駐無／働きやすさ,兵庫県 神戸市 中央区,年収400万円～700万円,19日前,リクルートエージェント
株式会社神戸デジタル・ラボ,フロントエンドエンジニア WEBスキルを磨ける,兵庫県 神戸市 中央区,年収400万円～800万円,19日前,リクルートエージェント
株式会社オフショア,自社製品の開発エンジニア WEB・スマホ開発スキルを磨ける環境,兵庫県 神戸市 中央区,年収400万円～800万円,19日前,リクルートエージェント
株式会社システムマーケティング研究所,プログラマー・webサービス系エンジニア,兵庫県 神戸市 元町駅 徒歩5分,月給25万円～32万円,公開していません,ひょうごで働こう！マッチングサイト
株式会社リクルートスタッフィング,開発エンジニア + WEB運用・更新,兵庫県 神戸市 マリンパーク駅 徒歩10分,"時給2,100円～",5日前,リクルートスタッフィング
learningBOX株式会社,システムエンジニア 自社Webシステム開発,兵庫県 たつの市 本竜野駅 徒歩10分,月給25万円～50万円,11日前,learningBOX株式会社
アセントイノベーション株式会社,Web・オープン系 システムエンジニア 各種システムの設計,兵庫県 芦屋市,月給30万円～55万円,18日前,アセントイノベーション株式会社
株式会社メンバーズ メンバーズエッジカンパニー,Webエンジニア 関西／クライアントのプロダクト開発・ビジネスグロースを支援／アジャイル 開発,兵庫県 神戸市 三ノ宮駅,年収350万円～750万円,公開していません,レバテックキャリア
株式会社ジャム・デザイン,Webディレクター、WEBデザイナー、Webエンジニア／移住支援金対象,兵庫県 神戸市 三宮駅 徒歩10分,月給20万円～40万円,公開していません,ひょうごで働こう！マッチングサイト
株式会社ブロックヘッドワークス,Webエンジニア・コーダー,兵庫県 神戸市 六甲道駅 徒歩2分,"時給1,200円～1,500円",公開していません,株式会社ブロックヘッドワークス
株式会社モイネットシステム,Webデザイナー、UIエンジニア,兵庫県 神戸市 長田区,"時給1,300円～",公開していません,株式会社モイネットシステム
株式会社CBS DESIGN 株式会社CBSデザ...,Webデザイナー、UIエンジニア,兵庫県 神戸市 元町駅,月給20万円～35万円,公開していません,株式会社CBS DESIGN
株式会社アスパーク 姫路オフィス,ソフトウェアエンジニアWeb面接可,兵庫県 姫路市 姫路駅 徒歩2分,月給18万円～36万円,公開していません,株式会社アスパーク
株式会社アクレット,Webデザイナー、UIエンジニア,兵庫県 神戸市 三宮駅 徒歩10分,月給18万円～45万円,公開していません,株式会社アクレット
株式会社ファインシステム,SE 直請け9割／自社内開発／様々な案件からキャリアを支援,兵庫県 加古川市,年収357万円～498万円,19日前,リクルートエージェント
学校法人コンピュータ総合学園,専門学校でのIT分野講師,兵庫県 神戸市 三宮駅 徒歩10分,年収350万円～400万円,15時間前,CREATIVE JOB
株式会社スターリーナイトカンパニー,デザイナー／イベント企画／週休3日6時間勤務,兵庫県 神戸市 中央区,月給19万円～,公開していません,かんたん応募
株式会社サイドスリー,フロントエンドエンジニア 神戸勤務／選べる出勤時間／官公庁・大手企業案件 多数あり／賞与年3回,兵庫県 神戸市 元町駅 徒歩8分,年収360万円～600万円,11時間前,Green
ソフメイト株式会社,プログラマ,兵庫県 西宮市 西宮北口駅,月給25万円～35万円,公開していません,ソフメイト株式会社
関西不動産販売株式会社,2023 新卒採用 不動産,兵庫県,月給18万円～24万円,13日前,リクナビ2023
株式会社日本プレースメントセンター,インフラエンジニア:総合職採用,兵庫県,年収450万円～800万円,16時間前,CREATIVE JOB
株式会社ナノコネクト,2023 新卒採用 ソフトウェア,兵庫県 神戸市 中央区,月給18万円～25万円,5時間前,リクナビ2023
K.S.ロジャース株式会社,フロントエンドエンジニア,兵庫県 神戸市 高速長田駅 徒歩20分,年収400万円～700万円,4日前,U29JOB
グース株式会社,プログラマ 土日祝休み!大分で積極採用中,兵庫県 小野市,月給14万円～30万円,公開していません,グース株式会社
株式会社インタードリーム,開発エンジニア,兵庫県 神戸市 みなと元町駅 徒歩1分,年収360万円～540万円,28日前,paiza転職
株式会社マプリィ,バックエンドエンジニア,兵庫県 丹波市,年収300万円～500万円,16日前,paiza転職
株式会社ネオガイアホールディングス,新規事業の開発担当者 新部署での募集／月給35万円～／Web面接OK,兵庫県 神戸市 市民広場駅 徒歩4分,月給35万円～50万円,13日前,エン転職
株式会社カスタメディア,法人営業／未経験からIT業界デビュー可能,兵庫県 神戸市 中央区,月給25万円～58万円,公開していません,エン転職
株式会社P&P,神戸／開発エンジニア／Linux経験者募集!／若手歓迎,兵庫県 神戸市,年収320万円～600万円,2時間前,株式会社テザリング
菱田産業株式会社,システムエンジニア,兵庫県 神戸市 三ノ宮駅 徒歩3分,月給20万円～30万円,17日前,バイトルNEXT
日総工産株式会社,システムエンジニア 大手製鉄メーカーの情報処理システム開発、保守のお仕事です。／,兵庫県 加古川市,年収400万円～500万円,公開していません,エンジニアワークス
株式会社イーグリッド,ソフトウェアエンジニア Ruby／PHPエンジニア 募集,兵庫県 神戸市 神戸三宮駅 徒歩10分,月給23万円～65万円,13日前,かんたん応募
英進設計工業株式会社,ソフトウェアエンジニア,兵庫県,年収300万円～500万円,1日前,ワークポート
株式会社AvenirNauts,開発エンジニア／フルフレックス制,兵庫県 神戸市,月給32万円～43万円,6時間前,type
株式会社ユニバーサルソリューション総研,システムエンジニア,兵庫県 尼崎市,月給30万円～50万円,7日前,株式会社ユニバーサルソリューション総研
株式会社エマーテック,2022 新卒採用 メーカー,兵庫県 神戸市 三宮駅 徒歩10分,公開していません,公開していません,Cheer Career
株式会社クリエイト・マンパワーサービス,仮想環境の設計／構築／運用,兵庫県 神戸市 三宮・花時計前駅 徒歩4分,"時給2,950円～3,000円",15日前,エン派遣
株式会社NEFコミュニケーションズ,ITエンジニア 経験者全員が待遇に満足できる転職を,兵庫県,月給35万円～80万円,3日前,マイナビ転職
株式会社RISING 神戸支部,未経験から成長できるシステムエンジニア,兵庫県 神戸市 中央区,月給25万円～40万円,公開していません,株式会社RISING
株式会社ロックシステム,SE・PG／面接確約／月残業0時間／リモート6割／還元率9割,兵庫県,年収500万円～700万円,25日前,doda
WDB株式会社,システムエンジニア,兵庫県 姫路市 姫路駅 徒歩15分,"時給1,600円～1,700円",5日前,WDB.com
ACALL株式会社,エンジニアリングマネージャー,兵庫県 神戸市 三宮駅 徒歩10分,"年収550万円～1,000万円",14日前,U29JOB
ミツキンシステム株式会社,フリーランスエンジニア 在宅可,兵庫県,月給25万円～70万円,公開していません,かんたん応募
株式会社ルミナス,あなたの言葉で未来を切り開く Web広告の提案営業&コンサル,兵庫県 神戸市 中央区,"月給27万5,000円～",17日前,マイナビ転職
株式会社アルテクナ,制御・組み込み系システムエンジニア／製造・メーカー,兵庫県 明石市 明石駅,"月給20万6,000円～",公開していません,バイトルPRO
公益財団法人高輝度光科学研究センター 事務部門,社内SE,兵庫県 相生市 相生駅,年収515万円,4日前,type
株式会社エディオン,社内SE／ヘルプ業務なしの100%自社内開発／在宅勤務推奨,兵庫県 尼崎市 尼崎駅,月給23万円～45万円,11日前,doda
株式会社ベネスト,システムエンジニア,兵庫県 神戸市 神戸駅 徒歩4分,年収380万円～700万円,6日前,U29JOB
株式会社エー・ジー・イーカンパニー,システムエンジニア・プログラマー,兵庫県 神戸市 三宮駅 徒歩5分,月給16万円～55万円,公開していません,ハローワーク灘
株式会社アーキ・ジャパン,設備施工管理,兵庫県 尼崎市,月給32万円～55万円,4日前,ConMa
アヴェイルテクノロジ株式会社,インフラエンジニア／未経験歓迎,兵庫県,年収250万円～350万円,4日前,type
三菱電機インフォメーションネットワーク株式会社,三菱電機向け各種上流エンジニアポジション,兵庫県,年収500万円～800万円,4日前,JAC Recruitment
株式会社クリプテックス,システムエンジニア,兵庫県 神戸市 三宮駅 徒歩5分,年収280万円～560万円,公開していません,U29JOB
MHIソリューションテクノロジーズ株式会社,機械学習エンジニア 三菱重工業の100%子会社・福利厚生充実,兵庫県 神戸市 兵庫区,年収400万円～600万円,19日前,リクルートエージェント
株式会社ミックウェア,インフラエンジニア,兵庫県 神戸市 中央区,"年収450万円～1,200万円",3日前,ワークポート
株式会社MonotaRO,社内システムエンジニア,兵庫県,"年収600万円～1,500万円",3日前,Daijob.com
ウインクレル株式会社,医療・食品向け機械装置の納入・保守,兵庫県 神戸市 中央区,年収400万円～600万円,11日前,doda
ネゾット株式会社,インフラエンジニア,兵庫県 姫路市 姫路駅 徒歩5分,年収550万円～650万円,8日前,Green
株式会社仙台銘板,自社システムサービスサポート,兵庫県 明石市 西明石駅 車24分,年収300万円～450万円,7時間前,U29JOB
株式会社ソフィア,プログラマ 神戸事務所,兵庫県 神戸市 三ノ宮駅 徒歩8分,月給21万950円～25万円,公開していません,かんたん応募
株式会社NTTデータMHIシステムズ,日本のモノづくりを支える ITエンジニア,兵庫県 神戸市,月給26万円～45万円,17日前,マイナビ転職
株式会社レックス,バックエンドエンジニア,兵庫県 西宮市 西宮駅 徒歩5分,年収350万円～400万円,6日前,U29JOB
株式会社エコリング,ネットワークエンジニア,兵庫県 姫路市,公開していません,2日前,エージェントパーク
クリーンテックス・ジャパン株式会社,IT課課長,兵庫県 神戸市 西区,年収530万円,公開していません,paiza転職
ナブテスコ株式会社,サービスエンジニア,兵庫県 神戸市 西区,年収400万円～600万円,11時間前,ワークポート
株式会社ノーザ,フィールドエンジニア 土日祝休／年間休日125日／残業少なめ,兵庫県 神戸市 中央区,月給24万円～37万円,公開していません,マイナビ転職
株式会社アドバンスクリエイト,2023 新卒採用 生命保険,兵庫県,"月給22万1,400円～24万3,400円",6日前,リクナビ2023
Daigasガスアンドパワーソリューション株式会社,発電プラント操業管理,兵庫県 姫路市,年収440万円～710万円,20日前,doda
株式会社UPP,医療機器向けWebアプリ開発 退職金あり,兵庫県 神戸市 神戸駅,"時給2,800円～",8日前,株式会社UPP
ベルヴィ株式会社,システムエンジニア,兵庫県 市川町,年収276万円～480万円,15時間前,ワークポート
クイックネットワーク株式会社,フロントエンドエンジニア,兵庫県 神戸市 三ノ宮駅,年収400万円～600万円,3日前,Green
情報セキュリティ株式会社,インターンシップ／神戸市勤務!セキュリティエンジニア・データサイエンティスト募集,兵庫県 神戸市 神戸駅 徒歩3分,"時給1,000円～",公開していません,ゼロワンインターン
株式会社ナブテック,神戸／組込設計 未経験歓迎／最先端技術・設備／教育・研修体制／Web面接可,兵庫県 神戸市 西区,年収400万円～500万円,19日前,リクルートエージェント
神広企画株式会社,フロントエンドエンジニア／フロントエンジニア 新規開発デザインシュミレーターの開発業務,兵庫県 神戸市 神戸駅,年収400万円～700万円,公開していません,レバテックキャリア
株式会社リューズ,インフラエンジニア 基本計画・提案～構築・運用までライフサイクル全体を経験／離職率3%,兵庫県 西宮市,年収300万円～800万円,公開していません,かんたん応募
ノバシステム株式会社,システムエンジニア,兵庫県,年収400万円～600万円,14日前,U29JOB
株式会社ランドコンピュータ,インフラエンジニア,兵庫県,年収400万円～800万円,3日前,ワークポート
株式会社プロアクティブ,SE,兵庫県 神戸市 三宮駅 徒歩10分,年収450万円～550万円,公開していません,doda
株式会社JOINT CREW,フロントエンドエンジニア／年休125日／リモート／フレックス,兵庫県 神戸市 中央区,月給25万円～50万円,公開していません,doda
エス・アイ・エス株式会社,2023 新卒採用 情報処理,兵庫県,"月給18万5,000円～19万5,000円",公開していません,リクナビ2023
三菱電機プラントエンジニアリング株式会社,海外電力会社向けプラント装置の試験業務,兵庫県 神戸市 兵庫区,年収400万円～600万円,公開していません,doda
日本スピンドル製造株式会社,サービスエンジニア,兵庫県 尼崎市 尼崎駅 徒歩10分,年収430万円～640万円,公開していません,doda
新明和ソフトテクノロジ株式会社,システムエンジニア,兵庫県 西宮市,年収450万円～550万円,18日前,doda
メルコセミコンダクタエンジニアリング株式会社,社内SE,兵庫県 神戸市 大池駅,年収400万円～650万円,18日前,doda
株式会社グッドコンピュータ,システムエンジニア・プログラマー,兵庫県 神戸市 三宮駅,月給30万円～50万円,公開していません,株式会社グッドコンピュータ
ユニバーサルコンピューター株式会社,組み込みエンジニア ～45年の歴史を持つ老舗SIer～,兵庫県 姫路市,年収464万円～652万円,公開していません,doda
株式会社アールバリュー,システムエンジニア,兵庫県,月給22万円～40万円,26日前,Ｔジョブ
株式会社ダイハツビジネスサポートセンター,業務系システムエンジニア,兵庫県 伊丹市 北伊丹駅,年収484万円～642万円,25日前,doda
株式会社トレス・バインド,オープン系システムエンジニア,兵庫県,年収300万円～850万円,公開していません,doda
アイリスオーヤマ株式会社,2023 新卒採用 家電・AV機器,兵庫県,"月給19万2,000円～23万9,000円",7時間前,リクナビ2023
テックマート株式会社,SE,兵庫県,年収400万円～600万円,28日前,かんたん応募
YK Global Education,インフラエンジニア:総合職／年間休日120日以上／教育体制・福利厚生充実,兵庫県 神戸市,月給30万円～55万円,公開していません,かんたん応募
株式会社セルア,ITエンジニア 未経験者は90日の研修で育成／自社開発案件あり,兵庫県,月給30万円～60万円,公開していません,マイナビ転職
三菱電機エンジニアリング株式会社,組込みソフトウェア開発,兵庫県 尼崎市 猪名寺駅,年収400万円～700万円,公開していません,doda
株式会社サンテェム,機械系総合職 マイカー通勤OK,兵庫県 姫路市 山陽天満駅 徒歩15分,"月給20万4,000円～40万8,000円",公開していません,かんたん応募
株式会社ウィルエージェンシー,オフィス事務,兵庫県 姫路市 姫路駅 徒歩7分,"月給21万5,000円～",5時間前,WAQQQ!
株式会社ITコミュニケーションズ,システムエンジニア職／年休120日／住宅手当、家族手当、在宅手当など福利厚生充実,兵庫県,年収350万円～500万円,18日前,doda
株式会社LASSIC,インフラエンジニア 急成長のベンチャーSIer,兵庫県 姫路市,年収350万円～500万円,7日前,doda
ヤンマーエネルギーシステム株式会社,部品供給の企画・運営,兵庫県 尼崎市,年収350万円～600万円,18日前,doda
株式会社アクティス,ソフトウェア開発エンジニア 平均残業20時間程度／リモート案件有／働きやすさ,兵庫県 神戸市 旧居留地・大丸前駅,年収400万円～500万円,公開していません,doda
UNC合同会社,CADエンジニア／未経験可能,兵庫県 神戸市 中央区,月給22万円～34万円,6日前,UNC合同会社
コンピューターマネージメント株式会社,アプリ開発エンジニア,兵庫県,年収350万円～550万円,公開していません,doda
株式会社月詠,ITエンジニア 1040,兵庫県,公開していません,公開していません,PROSEEK
ノヴィルホールディングス株式会社,2023 新卒採用 レジャー・アミューズメント・パチンコ,兵庫県,"月給16万2,600円～29万5,000円",公開していません,リクナビ2023
三浦工業株式会社,自社商品のフィールドエンジニア／未経験歓迎／賞与5.7カ月分,兵庫県 神戸市 青木駅,月給21万800円～,28日前,doda
UTコネクト株式会社,倉庫内ピッキング・軽作業,兵庫県 三田市 新三田駅 車15分                                                                                                                                                                その他 (3),"月給25万2,000円～",2日前,Create 転職
カタチネクスト株式会社,未経験からプログラマーに!若手活躍中,兵庫県 神戸市 中央区,月給25万円～30万円,公開していません,カタチネクスト株式会社
